," href"
Browse all homes,https://www.zillow.com/browse/homes/
Albuquerque real estate,https://www.zillow.com/albuquerque-nm/
Atlanta real estate,https://www.zillow.com/atlanta-ga/
Austin real estate,https://www.zillow.com/austin-tx/
Baltimore real estate,https://www.zillow.com/baltimore-md/
Boston real estate,https://www.zillow.com/boston-ma/
Calgary real estate,https://www.zillow.com/calgary-ab/
Charlotte real estate,https://www.zillow.com/charlotte-nc/
Chicago real estate,https://www.zillow.com/chicago-il/
Cleveland real estate,https://www.zillow.com/cleveland-oh/
Colorado Springs real estate,https://www.zillow.com/colorado-springs-co/
Columbus real estate,https://www.zillow.com/columbus-oh/
Dallas real estate,https://www.zillow.com/dallas-tx/
Denver real estate,https://www.zillow.com/denver-co/
Detroit real estate,https://www.zillow.com/detroit-mi/
Edmonton real estate,https://www.zillow.com/edmonton-ab/
El Paso real estate,https://www.zillow.com/el-paso-tx/
Fort Worth real estate,https://www.zillow.com/fort-worth-tx/
Fresno real estate,https://www.zillow.com/fresno-ca/
Houston real estate,https://www.zillow.com/houston-tx/
Indianapolis real estate,https://www.zillow.com/indianapolis-in/
Jacksonville real estate,https://www.zillow.com/jacksonville-fl/
Kansas City real estate,https://www.zillow.com/kansas-city-mo/
Las Vegas real estate,https://www.zillow.com/las-vegas-nv/
Long Beach real estate,https://www.zillow.com/long-beach-ca/
Los Angeles real estate,https://www.zillow.com/los-angeles-ca/
Louisville real estate,https://www.zillow.com/louisville-ky/
Memphis real estate,https://www.zillow.com/memphis-tn/
Mesa real estate,https://www.zillow.com/mesa-az/
Miami real estate,https://www.zillow.com/miami-fl/
Milwaukee real estate,https://www.zillow.com/milwaukee-wi/
Minneapolis real estate,https://www.zillow.com/minneapolis-mn/
Nashville real estate,https://www.zillow.com/nashville-tn/
New Orleans real estate,https://www.zillow.com/new-orleans-la/
New York real estate,https://www.zillow.com/new-york-ny/
Oakland real estate,https://www.zillow.com/oakland-ca/
Oklahoma real estate,https://www.zillow.com/oklahoma-city-ok/
Omaha real estate,https://www.zillow.com/omaha-ne/
Ottawa real estate,https://www.zillow.com/ottawa-on/
Philadelphia real estate,https://www.zillow.com/philadelphia-pa/
Phoenix real estate,https://www.zillow.com/phoenix-az/
Portland real estate,https://www.zillow.com/portland-or/
Raleigh real estate,https://www.zillow.com/raleigh-nc/
Sacramento real estate,https://www.zillow.com/sacramento-ca/
San Antonio real estate,https://www.zillow.com/san-antonio-tx/
San Diego real estate,https://www.zillow.com/san-diego-ca/
San Francisco real estate,https://www.zillow.com/san-francisco-ca/
San Jose real estate,https://www.zillow.com/san-jose-ca/
Seattle real estate,https://www.zillow.com/seattle-wa/
Toronto real estate,https://www.zillow.com/toronto-on/
Tucson real estate,https://www.zillow.com/tucson-az/
Tulsa real estate,https://www.zillow.com/tulsa-ok/
Vancouver real estate,https://www.zillow.com/vancouver-bc/
Virginia Beach real estate,https://www.zillow.com/virginia-beach-va/
Washington DC real estate,https://www.zillow.com/washington-dc/
Wichita real estate,https://www.zillow.com/wichita-ks/